-- 支店データの挿入
INSERT INTO Branch (BranchID, BranchName) VALUES
(1, '横浜'),
(2, '川崎'),
(3, '相模原');

-- 車両クラスデータの挿入
INSERT INTO VehicleClass (ClassID, ClassName) VALUES  -- CarClass → VehicleClass
(1, 'K'),
(2, 'S'),
(3, 'F'),
(4, 'T');

-- 車両データの挿入
INSERT INTO Vehicle (VehicleID, PlateNumber, BranchID, ClassID) VALUES
(1, '横浜わ8100', 1, 1),
(2, '川崎れ6263', 2, 1),
(3, '相模原わ2748', 3, 1),
(4, '相模原れ8317', 3, 1),
(5, '横浜わ4993', 1, 1),
(6, '相模原れ1404', 3, 1),
(7, '川崎わ2267', 2, 1),
(8, '相模原れ7519', 3, 1),
(9, '川崎わ7829', 2, 1),
(10, '横浜れ5158', 1, 1),
(11, '横浜わ1234', 1, 2),
(12, '川崎れ5678', 2, 2),
(13, '相模原わ4321', 3, 2),
(14, '横浜れ8765', 1, 2),
(15, '相模原わ1357', 3, 2),
(16, '川崎れ2468', 2, 2),
(17, '相模原わ9876', 3, 2),
(18, '川崎れ5432', 2, 2),
(19, '横浜わ6789', 1, 2),
(20, '相模原れ3456', 3, 2),
(21, '横浜わ1111', 1, 3),
(22, '川崎れ2222', 2, 3),
(23, '相模原わ3333', 3, 3),
(24, '横浜れ4444', 1, 3),
(25, '相模原わ5555', 3, 3),
(26, '川崎れ6666', 2, 3),
(27, '相模原わ7777', 3, 3),
(28, '川崎れ8888', 2, 3),
(29, '横浜わ9999', 1, 3),
(30, '相模原れ1212', 3, 3),
(31, '横浜わ1313', 1, 4),
(32, '川崎れ1414', 2, 4),
(33, '相模原わ1515', 3, 4),
(34, '横浜れ1616', 1, 4),
(35, '相模原わ1717', 3, 4),
(36, '川崎れ1818', 2, 4),
(37, '相模原わ1919', 3, 4),
(38, '川崎れ2020', 2, 4),
(39, '横浜わ2121', 1, 4),
(40, '相模原れ2323', 3, 4),
(41, '横浜わ2424', 1, 1),
(42, '川崎れ2525', 2, 1),
(43, '相模原わ2626', 3, 1),
(44, '横浜れ2727', 1, 1),
(45, '相模原わ2828', 3, 1),
(46, '川崎れ2929', 2, 1),
(47, '相模原わ3030', 3, 1),
(48, '川崎れ3131', 2, 1),
(49, '横浜わ3232', 1, 1),
(50, '相模原れ3333', 3, 1),
(51, '横浜わ3434', 1, 4),
(52, '川崎れ3535', 2, 4),
(53, '相模原わ3636', 3, 4),
(54, '横浜れ3737', 1, 4),
(55, '相模原わ3838', 3, 4),
(56, '川崎れ3939', 2, 4),
(57, '相模原わ4040', 3, 4),
(58, '川崎れ4141', 2, 4),
(59, '相模原わ4242', 3, 4),
(60, '横浜れ4343', 1, 4);

-- 保険プランの挿入
INSERT INTO Insurance (InsuranceID, PlanName, Fee) VALUES  -- Price → Fee
(1, 'ベーシック補償', 1000),
(2, 'スタンダード補償', 2000),
(3, 'プレミアム補償', 3000);


-- 補償内容の挿入
INSERT INTO Coverage (InsuranceID, CoverageItem, CoverageAmount) VALUES
-- ベーシック補償の内容
(1, '対人補償', 3000000),
(1, '対物補償', 1000000),
(1, '車両補償', 100000),
-- スタンダード補償の内容
(2, '対人補償', 5000000),
(2, '対物補償', 3000000),
(2, '車両補償', 300000),
(2, '人身傷害補償', 2000000),
-- プレミアム補償の内容
(3, '対人補償', 10000000),
(3, '対物補償', 5000000),
(3, '車両補償', 500000),
(3, '人身傷害補償', 5000000),
(3, '個人賠償補償', 1000000);


-- 顧客データの挿入
INSERT INTO Customer (CustomerID, Name, Address, Phone, Email) VALUES
('123456789012', '山田 太郎', '神奈川県横浜市鶴見区', '090-xxxx-xxxx', 'taro.yamada@example.com'),
('987654321090', '佐藤 花子', '神奈川県横浜市中区', '080-xxxx-xxxx', 'hanako.sato@example.com'),
('112233445563', '鈴木 次郎', '神奈川県横浜市西区', '070-xxxx-xxxx', 'jiro.suzuki@example.com'),
('556677889900', '田中 三郎', '神奈川県横浜市港北区', '090-xxxx-xxxx', 'saburo.tanaka@example.com'),
('998877665542', '高橋 美香', '東京都新宿区', '080-xxxx-xxxx', 'mika.takahashi@example.com'),
('554433221100', '伊藤 克己', '東京都港区', '070-xxxx-xxxx', 'katsumi.ito@example.com'),
('667788990011', '渡辺 春子', '東京都台東区', '090-xxxx-xxxx', 'haruko.watanabe@example.com'),
('445566778890', '松本 健', '東京都墨田区', '080-xxxx-xxxx', 'ken.matsumoto@example.com'),
('332211445571', '中村 明美', '東京都目黒区', '070-xxxx-xxxx', 'akemi.nakamura@example.com'),
('119988776640', '小林 大輔', 'さいたま市浦和区', '090-xxxx-xxxx', 'daisuke.kobayashi@example.com');

